Id,Position,First Name,Nickname,Last Name,FPPG,Played,Salary,Game,Team,Opponent,Injury Indicator,Injury Details,Tier,,,Roster Position
57643-55062,C,Nikola,Nikola Jokic,Jokic,55.198304257150426,59,11300,DEN@GS,DEN,GS,,,,,,C
57643-9642,PG,Russell,Russell Westbrook,Westbrook,51.31176279105392,51,11000,WAS@OKC,WAS,OKC,,,,,,PG
57643-9644,SG,James,James Harden,Harden,52.14186273619186,43,10600,BOS@BKN,BKN,BOS,O,Hamstring,,,,SG
57643-9524,PG,Stephen,Stephen Curry,Curry,47.18653752253606,52,10000,DEN@GS,GS,DEN,,,,,,PG
57643-14498,PG,Kyrie,Kyrie Irving,Irving,46.013635808771305,44,9700,BOS@BKN,BKN,BOS,,,,,,PG
57643-14513,SF,Kawhi,Kawhi Leonard,Leonard,45.41914789727394,47,9600,LAC@HOU,LAC,HOU,O,Foot,,,,SF
57643-84671,PG,Trae,Trae Young,Young,43.3777759693287,54,9500,MIA@ATL,ATL,MIA,O,Ankle,,,,PG
57643-80808,PF,Jayson,Jayson Tatum,Tatum,43.38113115418632,53,9500,BOS@BKN,BOS,BKN,,,,,,PF
57643-12341,SG,Paul,Paul George,George,41.017392365828805,46,9400,LAC@HOU,LAC,HOU,,,,,,SG
57643-14528,SF,Jimmy,Jimmy Butler,Butler,46.159522646949405,42,9300,MIA@ATL,MIA,ATL,,,,,,SF
57643-55059,C,Clint,Clint Capela,Capela,42.1500009390024,52,9300,MIA@ATL,ATL,MIA,GTD,Back,,,,C
57643-15595,SG,Bradley,Bradley Beal,Beal,45.087998046875,50,9000,WAS@OKC,WAS,OKC,,,,,,SG
57643-9646,SF,Kevin,Kevin Durant,Durant,44.96666463216146,24,8900,BOS@BKN,BKN,BOS,GTD,Thigh,,,,SF
57643-20848,PG,Damian,Damian Lillard,Lillard,45.10740831163194,54,8700,MEM@POR,POR,MEM,,,,,,PG
57643-80817,C,Bam,Bam Adebayo,Adebayo,41.78461632361779,52,8500,MIA@ATL,MIA,ATL,,,,,,C
57643-84667,SG,Collin,Collin Sexton,Sexton,35.275510204081634,49,8200,CLE@CHA,CLE,CHA,,,,,,SG
57643-42677,PG,Terry,Terry Rozier,Rozier,34.692593044704864,54,8100,CLE@CHA,CHA,CLE,,,,,,PG
57643-67026,SF,Jaylen,Jaylen Brown,Brown,38.9537037037037,54,8100,BOS@BKN,BOS,BKN,O,Shoulder,,,,SF
57643-42202,PF,Christian,Christian Wood,Wood,38.883334689670136,36,8000,LAC@HOU,HOU,LAC,,,,,,PF
57643-12332,PG,John,John Wall,Wall,36.23589618389423,39,7800,LAC@HOU,HOU,LAC,,,,,,PG
57643-19067,SG,CJ,CJ McCollum,McCollum,38.71212121212121,33,7800,MEM@POR,POR,MEM,,,,,,SG
57643-14503,C,Jonas,Jonas Valanciunas,Valanciunas,36.93199951171875,50,7600,MEM@POR,MEM,POR,GTD,Concussion,,,,C
57643-110344,PG,Ja,Ja Morant,Morant,34.58367297114158,49,7500,MEM@POR,MEM,POR,,,,,,PG
57643-55060,SF,Bogdan,Bogdan Bogdanovic,Bogdanovic,25.908824247472428,34,7500,MIA@ATL,ATL,MIA,,,,,,SF
57643-84682,SF,Michael,Michael Porter,Porter,31.78333282470703,48,7400,DEN@GS,DEN,GS,,,,,,SF
57643-15860,PF,Draymond,Draymond Green,Green,31.654902439491423,51,7400,DEN@GS,GS,DEN,,,,,,PF
57643-66236,PF,John,John Collins,Collins,32.4,50,7200,MIA@ATL,ATL,MIA,,,,,,PF
57643-84678,SF,Miles,Miles Bridges,Bridges,24.23508814761513,57,7200,CLE@CHA,CHA,CLE,,,,,,SF
57643-110342,PG,Darius,Darius Garland,Garland,30.21875,48,7200,CLE@CHA,CLE,CHA,,,,,,PG
57643-12366,SF,Gordon,Gordon Hayward,Hayward,35.25227217240767,44,7000,CLE@CHA,CHA,CLE,O,Foot,,,,SF
57643-84680,SG,Shai,Shai Gilgeous-Alexander,Gilgeous-Alexander,39.53428431919643,35,7000,WAS@OKC,OKC,WAS,O,Foot,,,,SG
57643-49116,SG,Andrew,Andrew Wiggins,Wiggins,31.108474990068856,59,7000,DEN@GS,GS,DEN,,,,,,SG
57643-23670,SG,Marcus,Marcus Smart,Smart,30.0105269582648,38,6900,BOS@BKN,BOS,BKN,,,,,,SG
57643-14507,PG,Kemba,Kemba Walker,Walker,32.116217535895274,37,6900,BOS@BKN,BOS,BKN,,,,,,PG
57643-58153,SF,Kelly,Kelly Oubre,Oubre,28.626922607421875,52,6800,DEN@GS,GS,DEN,,,,,,SF
57643-110637,PF,Darius,Darius Bazley,Bazley,25.413954623909884,43,6700,WAS@OKC,OKC,WAS,,,,,,PF
57643-110352,PF,P.J.,P.J. Washington,Washington,28.41199951171875,50,6500,CLE@CHA,CHA,CLE,,,,,,PF
57643-80821,C,Jarrett,Jarrett Allen,Allen,31.736734195631378,49,6500,CLE@CHA,CLE,CHA,,,,,,C
57643-17333,SG,Will,Will Barton,Barton,25.003635475852274,55,6400,DEN@GS,DEN,GS,,,,,,SG
57643-23716,SF,Kyle,Kyle Anderson,Anderson,29.758180930397728,55,6300,MEM@POR,MEM,POR,,,,,,SF
57643-9874,PF,Kevin,Kevin Love,Love,23.719999186197917,15,6200,CLE@CHA,CLE,CHA,,,,,,PF
57643-84694,SG,Bruce,Bruce Brown,Brown,20.547272283380682,55,6200,BOS@BKN,BKN,BOS,,,,,,SG
57643-16293,SF,Norman,Norman Powell,Powell,28.03214372907366,56,6200,MEM@POR,POR,MEM,,,,,,SF
57643-20992,PF,Larry,Larry Nance,Nance,27.636363636363637,33,6000,CLE@CHA,CLE,CHA,,,,,,PF
57643-84706,SG,Devonte',Devonte' Graham,Graham,26.828889973958333,45,6000,CLE@CHA,CHA,CLE,,,,,,SG
57643-110345,SF,Kevin,Kevin Porter,Porter,29.404761904761905,21,6000,LAC@HOU,HOU,LAC,O,Covid-19,,,,SF
57643-145576,PF,Jae'Sean,Jae'Sean Tate,Tate,24.97966184454449,59,5900,LAC@HOU,HOU,LAC,,,,,,PF
57643-15684,SG,Victor,Victor Oladipo,Oladipo,35.378787878787875,33,5900,MIA@ATL,MIA,ATL,O,Knee,,,,SG
57643-84683,PF,Jaren,Jaren Jackson,Jackson,36.599998474121094,1,5800,MEM@POR,MEM,POR,,,,,,PF
57643-55057,C,Jusuf,Jusuf Nurkic,Nurkic,26.682609226392664,23,5800,MEM@POR,POR,MEM,,,,,,C
57643-117286,C,Moses,Moses Brown,Brown,23.223333740234374,30,5700,WAS@OKC,OKC,WAS,,,,,,C
57643-23096,SG,Evan,Evan Fournier,Fournier,29.413334147135416,30,5700,BOS@BKN,BOS,BKN,O,Covid-19,,,,SG
57643-111273,SF,Luguentz,Luguentz Dort,Dort,23.257777235243054,45,5700,WAS@OKC,OKC,WAS,GTD,Hip,,,,SF
57643-14512,PF,Marcus,Marcus Morris,Morris,21.741666158040363,48,5700,LAC@HOU,LAC,HOU,,,,,,PF
57643-70827,C,Ivica,Ivica Zubac,Zubac,22.470491002817624,61,5600,LAC@HOU,LAC,HOU,,,,,,C
57643-110312,SG,Tyler,Tyler Herro,Herro,27.365956407912233,47,5600,MIA@ATL,MIA,ATL,GTD,Foot,,,,SG
57643-9673,PG,Goran,Goran Dragic,Dragic,24.18205065604968,39,5600,MIA@ATL,MIA,ATL,,,,,,PG
57643-14516,C,Enes,Enes Kanter,Kanter,30.148275441136853,58,5500,MEM@POR,POR,MEM,,,,,,C
57643-14523,PG,Reggie,Reggie Jackson,Jackson,19.49122807017544,57,5500,LAC@HOU,LAC,HOU,,,,,,PG
57643-84708,C,Robert,Robert Williams,Williams,26.04042605136303,47,5500,BOS@BKN,BOS,BKN,O,Knee,,,,C
57643-85305,SF,Kenrich,Kenrich Williams,Williams,17.835594047934322,59,5500,WAS@OKC,OKC,WAS,,,,,,SF
57643-9637,SF,Danilo,Danilo Gallinari,Gallinari,21.617948091947117,39,5500,MIA@ATL,ATL,MIA,GTD,Foot,,,,SF
57643-20491,PF,Robert,Robert Covington,Covington,26.503570556640625,56,5400,MEM@POR,POR,MEM,,,,,,PF
57643-84704,SG,Kevin,Kevin Huerter,Huerter,24.603389416710804,59,5400,MIA@ATL,ATL,MIA,,,,,,SG
57643-101329,PG,Kendrick,Kendrick Nunn,Nunn,23.933333333333334,45,5400,MIA@ATL,MIA,ATL,,,,,,PG
57643-110325,PF,Daniel,Daniel Gafford,Gafford,16.36999969482422,40,5300,WAS@OKC,WAS,OKC,,,,,,PF
57643-110350,PF,Jalen,Jalen McDaniels,McDaniels,12.631250381469727,32,5300,CLE@CHA,CHA,CLE,,,,,,PF
57643-19781,SF,Kent,Kent Bazemore,Bazemore,15.894736842105264,57,5300,DEN@GS,GS,DEN,,,,,,SF
57643-80816,SG,Malik,Malik Monk,Monk,19.546875,32,5300,CLE@CHA,CHA,CLE,O,Ankle,,,,SG
57643-16363,SF,Joe,Joe Harris,Harris,23.194915254237287,59,5300,BOS@BKN,BKN,BOS,,,,,,SF
57643-22541,C,Kelly,Kelly Olynyk,Olynyk,26.122413372171337,58,5200,LAC@HOU,HOU,LAC,,,,,,C
57643-110315,SG,Terance,Terance Mann,Mann,14.981034903690732,58,5200,LAC@HOU,LAC,HOU,,,,,,SG
57643-60233,SG,Dillon,Dillon Brooks,Brooks,26.513206625884433,53,5200,MEM@POR,MEM,POR,,,,,,SG
57643-80825,PF,Isaiah,Isaiah Hartenstein,Hartenstein,14.576190766834078,42,5200,CLE@CHA,CLE,CHA,,,,,,PF
57643-9662,SG,Lou,Lou Williams,Williams,20.6833337854456,54,5200,MIA@ATL,ATL,MIA,,,,,,SG
57643-40396,PG,Monte,Monte Morris,Morris,19.96590909090909,44,5200,DEN@GS,DEN,GS,O,Hamstring,,,,PG
57643-9809,SF,Nicolas,Nicolas Batum,Batum,21.785965768914473,57,5100,LAC@HOU,LAC,HOU,,,,,,SF
57643-41594,PF,Aaron,Aaron Gordon,Gordon,28.19736842105263,38,5100,DEN@GS,DEN,GS,,,,,,PF
57643-84703,SG,De'Anthony,De'Anthony Melton,Melton,22.283783783783782,37,5000,MEM@POR,MEM,POR,,,,,,SG
57643-110339,SG,Cam,Cam Reddish,Reddish,21.588461068960335,26,5000,MIA@ATL,ATL,MIA,O,Achilles,,,,SG
57643-9508,SF,Carmelo,Carmelo Anthony,Anthony,22.76491185238487,57,5000,MEM@POR,POR,MEM,,,,,,SF
57643-9560,PF,Blake,Blake Griffin,Griffin,23.048484108664773,33,5000,BOS@BKN,BKN,BOS,,,,,,PF
57643-9561,C,DeAndre,DeAndre Jordan,Jordan,21.95098039215686,51,5000,BOS@BKN,BKN,BOS,,,,,,C
57643-145336,PF,Xavier,Xavier Tillman,Tillman,17.52978775349069,47,5000,MEM@POR,MEM,POR,,,,,,PF
57643-96763,PG,Brandon,Brandon Goodwin,Goodwin,9.455000305175782,40,5000,MIA@ATL,ATL,MIA,,,,,,PG
57643-66046,SG,Luke,Luke Kennard,Kennard,14.980000443892045,55,5000,LAC@HOU,LAC,HOU,,,,,,SG
57643-80823,PF,Tony,Tony Bradley,Bradley,17.908824247472428,34,4900,WAS@OKC,OKC,WAS,,,,,,PF
57643-23572,SF,Taurean,Taurean Prince,Prince,19.009756693025913,41,4800,CLE@CHA,CLE,CHA,O,Ankle,,,,SF
57643-145538,PF,Aleksej,Aleksej Pokusevski,Pokusevski,18.84722222222222,36,4800,WAS@OKC,OKC,WAS,,,,,,PF
57643-14501,C,Tristan,Tristan Thompson,Thompson,20.865116562954213,43,4800,BOS@BKN,BOS,BKN,,,,,,C
57643-14543,PF,Davis,Davis Bertans,Bertans,18.57441888853561,43,4800,WAS@OKC,WAS,OKC,,,,,,PF
57643-84713,SG,Svi,Svi Mykhailiuk,Mykhailiuk,15.069090687144886,55,4800,WAS@OKC,OKC,WAS,,,,,,SG
57643-84724,SG,Landry,Landry Shamet,Shamet,14.683333079020182,48,4800,BOS@BKN,BKN,BOS,,,,,,SG
57643-84711,SG,Grayson,Grayson Allen,Allen,20.954545454545453,44,4700,MEM@POR,MEM,POR,,,,,,SG
57643-9648,PF,Jeff,Jeff Green,Green,19.094544566761364,55,4700,BOS@BKN,BKN,BOS,,,,,,PF
57643-145536,PG,Theo,Theo Maledon,Maledon,19.92452830188679,53,4600,WAS@OKC,OKC,WAS,,,,,,PG
57643-85137,SG,Duncan,Duncan Robinson,Robinson,21.284746590307204,59,4600,MIA@ATL,MIA,ATL,,,,,,SG
57643-110349,SF,Rui,Rui Hachimura,Hachimura,24.01914945561835,47,4600,WAS@OKC,WAS,OKC,GTD,Kneecap,,,,SF
57643-110322,PG,Jordan,Jordan Poole,Poole,16.597368742290296,38,4500,DEN@GS,GS,DEN,,,,,,PG
57643-110331,SG,Ty,Ty Jerome,Jerome,19.70384568434495,26,4500,WAS@OKC,OKC,WAS,,,,,,SG
57643-15691,C,Cody,Cody Zeller,Zeller,22.25945879961993,37,4500,CLE@CHA,CHA,CLE,,,,,,C
57643-110338,SF,De'Andre,De'Andre Hunter,Hunter,28.120001220703124,20,4400,MIA@ATL,ATL,MIA,O,Knee,,,,SF
57643-9664,SF,Andre,Andre Iguodala,Iguodala,16.03076876126803,52,4400,MIA@ATL,MIA,ATL,GTD,Hip,,,,SF
57643-42550,PF,Jabari,Jabari Parker,Parker,8.54000015258789,5,4300,BOS@BKN,BOS,BKN,,,,,,PF
57643-145547,PG,Facundo,Facundo Campazzo,Campazzo,14.11923100398137,52,4300,DEN@GS,DEN,GS,,,,,,PG
57643-9538,PF,Trevor,Trevor Ariza,Ariza,18.872222900390625,18,4300,MIA@ATL,MIA,ATL,,,,,,PF
57643-9729,PF,Paul,Paul Millsap,Millsap,20.82608695652174,46,4200,DEN@GS,DEN,GS,,,,,,PF
57643-117291,SG,Armoni,Armoni Brooks,Brooks,15,7,4200,LAC@HOU,HOU,LAC,,,,,,SG
57643-12362,C,DeMarcus,DeMarcus Cousins,Cousins,22.399999618530273,32,4200,LAC@HOU,LAC,HOU,,,,,,C
57643-15592,PG,Austin,Austin Rivers,Rivers,13.454545454545455,22,4200,DEN@GS,DEN,GS,,,,,,PG
57643-23802,PG,Kris,Kris Dunn,Dunn,22.386273552389707,51,4200,MIA@ATL,ATL,MIA,O,Ankle,,,,PG
57643-9556,SF,Eric,Eric Gordon,Gordon,25.44814724392361,27,4200,LAC@HOU,HOU,LAC,GTD,Groin,,,,SF
57643-145335,PG,Payton,Payton Pritchard,Pritchard,13.759615384615385,52,4200,BOS@BKN,BOS,BKN,,,,,,PG
57643-58576,C,Kevon,Kevon Looney,Looney,13.958333333333334,48,4100,DEN@GS,GS,DEN,,,,,,C
57643-110353,PF,Brandon,Brandon Clarke,Clarke,25.144681889960108,47,4100,MEM@POR,MEM,POR,,,,,,PF
57643-15405,PF,JaMychal,JaMychal Green,Green,17.120000542534722,45,4000,DEN@GS,DEN,GS,,,,,,PF
57643-9873,C,Robin,Robin Lopez,Lopez,16.191378889412714,58,4000,WAS@OKC,WAS,OKC,,,,,,C
57643-23772,PG,Yogi,Yogi Ferrell,Ferrell,21.8000005086263,3,4000,LAC@HOU,LAC,HOU,,,,,,PG
57643-9957,PF,Serge,Serge Ibaka,Ibaka,24.6974362104367,39,4000,LAC@HOU,LAC,HOU,O,Back,,,,PF
57643-110318,PF,Grant,Grant Williams,Williams,11.21,50,4000,BOS@BKN,BOS,BKN,,,,,,PF
57643-110321,SG,Romeo,Romeo Langford,Langford,8.155555725097656,9,4000,BOS@BKN,BOS,BKN,,,,,,SG
57643-23294,SF,Danuel,Danuel House,House,19.02258103893649,31,4000,LAC@HOU,HOU,LAC,GTD,Ankle,,,,SF
57643-110346,PF,Isaiah,Isaiah Roby,Roby,21.004166920979817,48,4000,WAS@OKC,OKC,WAS,,,,,,PF
57643-110351,SG,Cody,Cody Martin,Martin,11.06888902452257,45,4000,CLE@CHA,CHA,CLE,,,,,,SG
57643-110354,PF,Nicolas,Nicolas Claxton,Claxton,19.45199951171875,25,4000,BOS@BKN,BKN,BOS,O,Covid-19,,,,PF
57643-145304,C,Onyeka,Onyeka Okongwu,Okongwu,10.394594759554476,37,4000,MIA@ATL,ATL,MIA,,,,,,C
57643-145314,PF,Precious,Precious Achiuwa,Achiuwa,11.725454989346591,55,4000,MIA@ATL,MIA,ATL,,,,,,PF
57643-145341,SG,Isaac,Isaac Okoro,Okoro,17.26792475862323,53,4000,CLE@CHA,CLE,CHA,,,,,,SG
57643-117779,PF,Juan,Juan Toscano-Anderson,Toscano-Anderson,15.3,40,3900,DEN@GS,GS,DEN,GTD,Concussion,,,,PF
57643-16301,C,Dewayne,Dewayne Dedmon,Dedmon,19.200000762939453,4,3900,MIA@ATL,MIA,ATL,,,,,,C
57643-145334,SG,Desmond,Desmond Bane,Bane,17.27547123747052,53,3900,MEM@POR,MEM,POR,,,,,,SG
57643-18376,SG,Damion,Damion Lee,Lee,14.149122807017545,57,3900,DEN@GS,GS,DEN,O,Covid-19,,,,SG
57643-48598,SF,Semi,Semi Ojeleye,Ojeleye,9.606250127156576,48,3900,BOS@BKN,BOS,BKN,,,,,,SF
57643-15417,SF,Solomon,Solomon Hill,Hill,11.444827375740841,58,3800,MIA@ATL,ATL,MIA,,,,,,SF
57643-66196,SG,PJ,PJ Dozier,Dozier,16.348837209302324,43,3800,DEN@GS,DEN,GS,,,,,,SG
57643-12511,PG,Ish,Ish Smith,Smith,18.023333740234374,30,3800,WAS@OKC,WAS,OKC,,,,,,PG
57643-84717,PG,Anfernee,Anfernee Simons,Simons,13.16,50,3800,MEM@POR,POR,MEM,,,,,,PG
57643-84718,PF,Alize,Alize Johnson,Johnson,12.791666666666666,12,3800,BOS@BKN,BKN,BOS,,,,,,PF
57643-82744,PG,Shaquille,Shaquille Harrison,Harrison,3.175,20,3800,DEN@GS,DEN,GS,,,,,,PG
57643-40262,SG,Sterling,Sterling Brown,Brown,17.682352701822918,51,3800,LAC@HOU,HOU,LAC,GTD,Knee,,,,SG
57643-66968,SF,Derrick,Derrick Jones,Jones,17.784313725490197,51,3800,MEM@POR,POR,MEM,GTD,Hip,,,,SF
57643-12334,SG,Avery,Avery Bradley,Bradley,13.566666920979818,24,3700,LAC@HOU,HOU,LAC,,,,,,SG
57643-115802,SF,Jaylen,Jaylen Hoard,Hoard,13.399999830457899,9,3700,WAS@OKC,OKC,WAS,,,,,,SF
57643-113267,SF,Caleb,Caleb Martin,Martin,12.365116562954215,43,3700,CLE@CHA,CHA,CLE,,,,,,SF
57643-145533,PF,Kenyon,Kenyon Martin,Martin,16.943750381469727,32,3700,LAC@HOU,HOU,LAC,,,,,,PF
57643-16790,PG,Brad,Brad Wanamaker,Wanamaker,12.914000244140626,50,3700,CLE@CHA,CHA,CLE,,,,,,PG
57643-41083,PF,Luke,Luke Kornet,Kornet,8.6772724498402,22,3600,BOS@BKN,BOS,BKN,,,,,,PF
57643-145539,SF,Deni,Deni Avdija,Avdija,15.905556007667824,54,3600,WAS@OKC,WAS,OKC,O,Ankle,,,,SF
57643-15542,SG,Spencer,Spencer Dinwiddie,Dinwiddie,17.6999994913737,3,3600,BOS@BKN,BKN,BOS,O,Knee,,,,SG
57643-58081,PG,Tyus,Tyus Jones,Jones,18.00350791529605,57,3600,MEM@POR,MEM,POR,,,,,,PG
57643-9455,PG,Rajon,Rajon Rondo,Rondo,14.01111094156901,36,3600,LAC@HOU,LAC,HOU,GTD,Wrist,,,,PG
57643-40208,PG,Raul,Raul Neto,Neto,16.890384380634014,52,3600,WAS@OKC,WAS,OKC,,,,,,PG
57643-110883,PF,Dean,Dean Wade,Wade,12.673469387755102,49,3600,CLE@CHA,CLE,CHA,,,,,,PF
57643-145312,PF,Vernon,Vernon Carey,Carey,4.56923088660607,13,3600,CLE@CHA,CHA,CLE,,,,,,PF
57643-111622,SF,Garrison,Garrison Mathews,Mathews,9.971153846153847,52,3500,WAS@OKC,WAS,OKC,,,,,,SF
57643-101387,PG,Gabe,Gabe Vincent,Vincent,8.934146043730944,41,3500,MIA@ATL,MIA,ATL,GTD,Knee,,,,PG
57643-9739,C,JaVale,JaVale McGee,McGee,18.62162162162162,37,3500,DEN@GS,DEN,GS,,,,,,C
57643-117273,SF,Mychal,Mychal Mulder,Mulder,6.046808770362367,47,3500,DEN@GS,GS,DEN,,,,,,SF
57643-117285,SF,Vlatko,Vlatko Cancar,Cancar,3.9612904210244455,31,3500,DEN@GS,DEN,GS,,,,,,SF
57643-12340,PF,Patrick,Patrick Patterson,Patterson,9.581250190734863,32,3500,LAC@HOU,LAC,HOU,,,,,,PF
57643-117307,SF,DaQuan,DaQuan Jeffries,Jeffries,7.25,22,3500,LAC@HOU,HOU,LAC,,,,,,SF
57643-117821,PG,Keljin,Keljin Blevins,Blevins,1.5399999618530273,10,3500,MEM@POR,POR,MEM,GTD,Covid-19,,,,PG
57643-66108,PG,Jamal,Jamal Murray,Murray,35.83958435058594,48,3500,DEN@GS,DEN,GS,O,Knee,,,,PG
57643-112708,SF,Max,Max Strus,Strus,7.8612902241368445,31,3500,MIA@ATL,MIA,ATL,,,,,,SF
57643-112710,C,Tacko,Tacko Fall,Fall,8.239999898274739,15,3500,BOS@BKN,BOS,BKN,,,,,,C
57643-145485,PG,LaMelo,LaMelo Ball,Ball,35.08536585365854,41,3500,CLE@CHA,CHA,CLE,O,Wrist,,,,PG
57643-12368,PF,Nemanja,Nemanja Bjelica,Bjelica,13.123529770795036,34,3500,MIA@ATL,MIA,ATL,,,,,,PF
57643-145491,PF,Nathan,Nathan Knight,Knight,7.346153846153846,26,3500,MIA@ATL,ATL,MIA,,,,,,PF
57643-20064,PG,Matthew,Matthew Dellavedova,Dellavedova,12.563636086203836,11,3500,CLE@CHA,CLE,CHA,,,,,,PG
57643-17517,SF,Tony,Tony Snell,Snell,11.18249969482422,40,3500,MIA@ATL,ATL,MIA,GTD,Ankle,,,,SF
57643-23676,PG,Damyean,Damyean Dotson,Dotson,12.82857142857143,35,3500,CLE@CHA,CLE,CHA,GTD,Knee,,,,PG
57643-145532,SG,Jay,Jay Scrubb,Scrubb,,,3500,LAC@HOU,LAC,HOU,O,Foot,,,,SG
57643-145548,PF,Anthony,Anthony Gill,Gill,4.022222306993273,18,3500,WAS@OKC,WAS,OKC,,,,,,PF
57643-63126,SF,Cedi,Cedi Osman,Osman,19.483673718510843,49,3500,CLE@CHA,CLE,CHA,,,,,,SF
57643-58519,SG,Gary,Gary Payton II,Payton II,5.342857360839844,7,3500,DEN@GS,GS,DEN,,,,,,SG
57643-42148,PF,Rondae,Rondae Hollis-Jefferson,Hollis-Jefferson,11.975000381469727,4,3500,MEM@POR,POR,MEM,,,,,,PF
57643-18600,PG,Tyler,Tyler Johnson,Johnson,9.783870573966734,31,3500,BOS@BKN,BKN,BOS,GTD,Knee,,,,PG
57643-70825,SF,Timothe,Timothe Luwawu-Cabarrot,Luwawu-Cabarrot,12.723076453575722,52,3500,BOS@BKN,BKN,BOS,,,,,,SF
57643-14505,C,Bismack,Bismack Biyombo,Biyombo,16.670588474647673,51,3500,CLE@CHA,CHA,CLE,,,,,,C
57643-14509,SG,Klay,Klay Thompson,Thompson,,,3500,DEN@GS,GS,DEN,O,Achilles,,,,SG
57643-145588,SF,Anthony,Anthony Lamb,Lamb,6.207692072941707,13,3500,LAC@HOU,HOU,LAC,,,,,,SF
57643-12474,PG,Patrick,Patrick Beverley,Beverley,19.44193587764617,31,3500,LAC@HOU,LAC,HOU,O,Hand,,,,PG
57643-16071,PG,Tim,Tim Frazier,Frazier,6.433333079020183,3,3500,MEM@POR,MEM,POR,,,,,,PG
57643-84707,SF,Chandler,Chandler Hutchison,Hutchison,8.546153728778545,13,3500,WAS@OKC,WAS,OKC,,,,,,SF
57643-145632,PF,Killian,Killian Tillie,Tillie,7.338461655836839,13,3500,MEM@POR,MEM,POR,,,,,,PF
57643-58084,SF,Justise,Justise Winslow,Winslow,16.5,18,3500,MEM@POR,MEM,POR,,,,,,SF
57643-110309,SF,KZ,KZ Okpala,Okpala,6.75,30,3500,MIA@ATL,MIA,ATL,,,,,,SF
57643-110313,C,Bol,Bol Bol,Bol,4.733333269755046,24,3500,DEN@GS,DEN,GS,,,,,,C
57643-9453,PF,Al,Al Horford,Horford,31.735713413783483,28,3500,WAS@OKC,OKC,WAS,O,Coach's decision,,,,PF
57643-42733,SF,David,David Nwaba,Nwaba,20.00333251953125,30,3500,LAC@HOU,HOU,LAC,O,Wrist,,,,SF
57643-110319,PG,Tremont,Tremont Waters,Waters,8.011764526367188,17,3500,BOS@BKN,BOS,BKN,,,,,,PG
57643-67312,C,Thomas,Thomas Bryant,Bryant,26.370001220703124,10,3500,WAS@OKC,WAS,OKC,O,Knee,,,,C
57643-110323,C,Eric,Eric Paschall,Paschall,15.648717635717148,39,3500,DEN@GS,GS,DEN,GTD,Hip,,,,C
57643-84722,PF,Isaac,Isaac Bonga,Bonga,6.072222391764323,36,3500,WAS@OKC,WAS,OKC,,,,,,PF
57643-110329,PF,Bruno,Bruno Fernando,Fernando,4.566666779694734,27,3500,MIA@ATL,ATL,MIA,,,,,,PF
57643-9466,PG,D.J.,D.J. Augustin,Augustin,14.301961263020834,51,3500,LAC@HOU,HOU,LAC,GTD,Ankle,,,,PG
57643-97018,PG,Chris,Chris Chiozza,Chiozza,10.7863637750799,22,3500,BOS@BKN,BKN,BOS,O,Hand,,,,PG
57643-110332,PG,Carsen,Carsen Edwards,Edwards,6.565217391304348,23,3500,BOS@BKN,BOS,BKN,,,,,,PG
57643-110341,SG,Dylan,Dylan Windler,Windler,12.899999803112399,31,3500,CLE@CHA,CLE,CHA,O,Knee,,,,SG
57643-110343,SF,Nassir,Nassir Little,Little,10.328204815204327,39,3500,MEM@POR,POR,MEM,,,,,,SF
57643-111371,PG,Justin,Justin Robinson,Robinson,6.237500190734863,8,3500,WAS@OKC,OKC,WAS,,,,,,PG
57643-55055,PG,Dante,Dante Exum,Exum,12.316666920979818,6,3500,LAC@HOU,HOU,LAC,O,Calf,,,,PG
57643-111376,SG,John,John Konchar,Konchar,11.485294117647058,34,3500,MEM@POR,MEM,POR,,,,,,SG
57643-110355,SF,Mfiondu,Mfiondu Kabengele,Kabengele,2.9555556685836226,27,3500,CLE@CHA,CLE,CHA,,,,,,SF
57643-110365,PF,Alen,Alen Smailagic,Smailagic,4.087500095367432,8,3500,DEN@GS,GS,DEN,,,,,,PF
57643-119602,SF,Jontay,Jontay Porter,Porter,3.0428570338657925,7,3500,MEM@POR,MEM,POR,,,,,,SF
57643-145730,SG,Nate,Nate Darling,Darling,2.2833333015441895,6,3500,CLE@CHA,CHA,CLE,O,Ankle,,,,SG
57643-40769,PF,Jordan,Jordan Bell,Bell,14.824999809265137,4,3500,WAS@OKC,WAS,OKC,,,,,,PF
57643-145737,SG,Brodric,Brodric Thomas,Thomas,6.18947360390111,19,3500,CLE@CHA,CLE,CHA,,,,,,SG
57643-9589,PF,Udonis,Udonis Haslem,Haslem,7.925000190734863,4,3500,MIA@ATL,MIA,ATL,,,,,,PF
57643-111492,PF,Amir,Amir Coffey,Coffey,5.0756099049637955,41,3500,LAC@HOU,LAC,HOU,,,,,,PF
57643-145303,SG,Skylar,Skylar Mays,Mays,6.655555442527488,27,3500,MIA@ATL,ATL,MIA,,,,,,SG
57643-145306,SF,CJ,CJ Elleby,Elleby,5.114285786946614,21,3500,MEM@POR,POR,MEM,,,,,,SF
57643-145305,PF,Zeke,Zeke Nnaji,Nnaji,6.088888804117839,36,3500,DEN@GS,DEN,GS,,,,,,PF
57643-145311,SG,Grant,Grant Riller,Riller,2,3,3500,CLE@CHA,CHA,CLE,,,,,,SG
57643-145821,SF,Josh,Josh Hall,Hall,5.828571319580078,14,3500,WAS@OKC,OKC,WAS,O,Knee,,,,SF
57643-145318,C,Nick,Nick Richards,Richards,1.6199999491373698,15,3500,CLE@CHA,CHA,CLE,,,,,,C
57643-145320,C,Daniel,Daniel Oturu,Oturu,3.3826088283372964,23,3500,LAC@HOU,LAC,HOU,,,,,,C
57643-80815,PF,Zach,Zach Collins,Collins,18.16363664106889,11,3500,MEM@POR,POR,MEM,O,Ankle,,,,PF
57643-148402,SF,Gabriel,Gabriel Deck,Deck,,,3500,WAS@OKC,OKC,WAS,,,,,,SF
57643-80819,PF,Harry,Harry Giles,Giles,9.736666870117187,30,3500,MEM@POR,POR,MEM,,,,,,PF
57643-80818,PF,T.J.,T.J. Leaf,Leaf,7.739285605294364,28,3500,MEM@POR,POR,MEM,,,,,,PF
57643-58295,PF,D.J.,D.J. Wilson,Wilson,9.863333129882813,30,3500,LAC@HOU,HOU,LAC,,,,,,PF
57643-145333,SG,Aaron,Aaron Nesmith,Nesmith,7.184374809265137,32,3500,BOS@BKN,BOS,BKN,,,,,,SG
57643-145340,PF,Reggie,Reggie Perry,Perry,9.438095092773438,21,3500,BOS@BKN,BKN,BOS,GTD,Covid-19,,,,PF
57643-145347,C,James,James Wiseman,Wiseman,21.51794903094952,39,3500,DEN@GS,GS,DEN,O,Knee,,,,C
57643-145345,PG,Nico,Nico Mannion,Mannion,10.469565350076426,23,3500,DEN@GS,GS,DEN,,,,,,PG
57643-15814,C,Alex,Alex Len,Len,15.43800048828125,50,3500,WAS@OKC,WAS,OKC,,,,,,C
57643-145349,PG,Cassius,Cassius Winston,Winston,4.1058825324563415,17,3500,WAS@OKC,WAS,OKC,,,,,,PG
57643-145358,PG,Markus,Markus Howard,Howard,2.081481509738498,27,3500,DEN@GS,DEN,GS,,,,,,PG
57643-145356,SF,Sean,Sean McDermott,McDermott,4.635294297162225,17,3500,MEM@POR,MEM,POR,,,,,,SF
57643-145357,PF,Lamar,Lamar Stevens,Stevens,9.851282364282852,39,3500,CLE@CHA,CLE,CHA,,,,,,PF
57643-17894,C,Mike,Mike Muscala,Muscala,16.440000697544644,35,3500,WAS@OKC,OKC,WAS,O,Ankle,,,,C